CustomerID,Gender,Age,Annual_Income_k,Spending_Score
1,Male,35,23.2,21.8
2,Male,46,51.3,50.1
3,Female,36,78.4,15.7
4,Female,51,75.7,55.2
5,Male,33,162.8,51.2
6,Male,41,20.1,54.2
7,Female,31,172.5,45.0
8,Male,51,200.8,44.2
9,Female,51,176.1,51.2
10,Female,44,80.6,71.4
11,Male,55,189.6,49.6
12,Female,35,85.7,47.0
13,Female,23,26.7,49.3
14,Female,34,179.5,77.7
15,Female,35,20.7,14.7
16,Female,23,25.3,14.9
17,Female,42,153.6,20.5
18,Male,44,71.6,48.1
19,Female,34,79.5,86.3
20,Female,32,82.6,80.7
21,Female,25,23.6,76.5
22,Male,28,26.9,79.3
23,Female,32,59.1,46.1
24,Male,34,23.5,15.9
25,Female,35,92.0,49.0
26,Male,52,148.2,46.8
27,Female,37,54.4,21.5
28,Male,24,10.2,22.3
29,Male,47,179.0,50.8
30,Female,25,79.2,15.1
31,Male,35,15.3,47.6
32,Male,30,20.6,47.1
33,Male,31,18.8,84.7
34,Female,41,160.7,18.1
35,Female,25,181.1,81.1
36,Male,43,20.7,49.8
37,Male,44,67.6,15.4
38,Male,33,22.7,81.4
39,Female,36,157.0,27.4
40,Male,37,151.3,43.2
41,Male,25,24.7,11.9
42,Male,34,19.8,49.9
43,Male,43,20.5,53.5
44,Female,45,84.1,66.4
45,Male,38,172.1,51.8
46,Female,21,18.9,81.7
47,Male,20,16.4,74.8
48,Female,19,19.3,71.9
49,Female,35,64.0,16.2
50,Male,43,93.9,49.8
51,Male,43,148.8,70.6
52,Male,44,74.3,52.3
53,Male,24,31.7,19.4
54,Male,26,193.6,73.4
55,Female,27,22.0,47.5
56,Female,39,78.7,84.9
57,Male,37,68.1,84.0
58,Female,41,19.1,54.5
59,Male,33,33.1,22.8
60,Male,49,98.7,78.6
61,Male,36,14.8,20.6
62,Female,50,194.0,52.9
63,Male,35,20.1,38.7
64,Male,55,162.2,18.9
65,Female,39,89.2,72.7
66,Male,29,69.7,18.0
67,Male,27,66.2,81.2
68,Female,21,22.6,23.9
69,Female,52,83.5,48.1
70,Male,46,76.3,17.7
71,Female,31,83.6,49.4
72,Female,56,173.2,48.1
73,Male,46,83.8,45.5
74,Male,39,31.5,21.5
75,Female,32,21.0,74.8
76,Male,27,88.8,50.1
77,Male,37,152.7,42.7
78,Male,22,94.6,81.2
79,Male,49,61.2,80.0
80,Female,40,86.7,75.2
81,Male,33,161.2,17.9
82,Female,35,17.4,48.7
83,Male,24,24.4,81.6
84,Female,32,16.3,73.4
85,Female,27,84.5,20.1
86,Male,36,188.2,25.9
87,Female,44,14.6,53.1
88,Male,36,15.8,22.0
89,Female,31,164.2,45.8
90,Male,20,12.5,79.1
91,Male,36,106.2,79.0
92,Male,33,160.5,74.2
93,Female,48,98.9,51.9
94,Female,37,31.0,20.6
95,Female,34,168.9,24.0
96,Female,42,194.3,47.1
97,Male,39,80.0,70.7
98,Female,32,17.5,24.5
99,Female,24,25.3,82.6
100,Male,29,147.3,80.3
101,Female,36,77.8,54.9
102,Female,45,82.5,21.4
103,Male,53,198.3,53.4
104,Male,41,183.2,44.8
105,Female,38,181.9,14.2
106,Male,45,80.8,48.5
107,Male,46,77.0,48.4
108,Female,27,24.8,83.0
109,Male,37,77.1,19.4
110,Female,34,15.1,54.6
111,Male,33,15.6,50.3
112,Female,59,179.5,46.4
113,Female,22,21.4,69.2
114,Female,39,177.2,49.4
115,Male,19,26.8,83.8
116,Female,28,67.0,16.1
117,Male,32,182.6,76.6
118,Male,40,179.0,26.4
119,Male,29,166.4,73.5
120,Female,43,219.0,21.9
121,Female,22,57.8,81.6
122,Male,31,154.1,72.9
123,Female,42,194.0,16.7
124,Male,47,69.2,50.4
125,Male,28,16.9,16.5
126,Female,31,33.9,79.9
127,Male,29,15.1,77.0
128,Female,37,23.4,14.5
129,Female,48,190.0,50.6
130,Male,32,84.1,25.7
131,Female,29,16.1,54.2
132,Female,39,205.9,39.4
133,Female,57,169.8,29.4
134,Female,42,172.1,70.8
135,Female,28,80.3,18.0
136,Female,29,73.0,22.9
137,Female,44,19.2,50.0
138,Male,54,194.9,51.2
139,Female,34,17.1,19.2
140,Female,24,25.7,74.8
141,Female,39,90.3,50.7
142,Female,41,189.6,74.3
143,Male,24,88.5,79.1
144,Female,28,17.8,20.4
145,Female,35,93.8,16.2
146,Female,34,24.3,74.8
147,Male,26,22.9,79.9
148,Male,46,202.1,46.8
149,Male,32,181.1,74.2
150,Male,25,23.2,74.3
151,Male,23,85.5,79.5
152,Female,35,221.1,19.8
153,Male,22,79.6,79.7
154,Male,50,81.0,47.9
155,Male,20,15.8,21.0
156,Female,25,22.1,83.5
157,Male,46,175.9,24.3
158,Male,33,179.9,21.9
159,Male,43,177.1,48.0
160,Female,29,26.1,51.9
161,Female,26,73.8,86.1
162,Male,35,85.5,18.4
163,Female,31,93.1,53.3
164,Female,30,18.7,77.4
165,Female,30,23.2,71.8
166,Male,20,26.7,18.7
167,Male,32,176.0,18.9
168,Female,31,15.9,74.6
169,Female,41,166.9,82.7
170,Female,51,76.8,52.9
171,Female,56,177.3,21.3
172,Female,37,177.2,50.8
173,Male,32,74.7,52.0
174,Male,49,60.6,51.8
175,Female,33,209.2,23.2
176,Female,55,190.4,22.4
177,Female,34,23.7,21.6
178,Male,39,21.2,20.2
179,Male,45,88.0,47.9
180,Male,40,183.2,77.8
181,Male,26,19.0,76.9
182,Male,40,176.0,18.4
183,Female,18,19.6,75.5
184,Male,45,87.1,24.9
185,Male,23,7.7,83.3
186,Female,59,166.8,16.3
187,Male,31,98.6,45.4
188,Female,25,14.6,25.7
189,Female,27,84.0,51.0
190,Female,43,82.8,80.2
191,Female,34,25.9,48.8
192,Male,34,211.3,76.1
193,Male,34,187.6,21.6
194,Female,26,166.9,78.3
195,Male,31,20.0,14.4
196,Female,48,178.0,19.0
197,Female,37,173.2,47.3
198,Male,33,183.2,48.7
199,Female,32,77.7,73.0
200,Male,35,80.5,79.9
201,Female,39,202.6,85.5
202,Female,41,190.3,50.2
203,Male,58,196.6,17.8
204,Male,28,21.8,73.3
205,Female,54,81.8,47.3
206,Male,39,80.4,25.5
207,Male,48,80.3,16.7
208,Male,28,100.9,80.2
209,Female,59,193.0,44.9
210,Female,51,187.0,17.7
211,Male,45,71.6,51.4
212,Female,32,77.5,78.9
213,Female,32,66.8,78.1
214,Male,46,81.6,19.7
215,Male,39,15.9,21.8
216,Female,37,195.2,20.4
217,Female,46,184.9,54.3
218,Female,43,20.0,49.8
219,Male,39,27.4,54.2
220,Male,43,71.3,73.1
221,Female,40,75.5,50.5
222,Male,37,193.6,22.4
223,Male,31,76.9,74.6
224,Male,51,177.8,21.2
225,Female,56,188.4,14.5
226,Female,37,74.7,26.8
227,Male,34,190.4,74.4
228,Female,33,187.0,18.6
229,Male,33,165.7,15.0
230,Female,43,163.5,52.7
231,Male,54,174.3,22.4
232,Male,30,18.4,77.6
233,Male,44,17.1,51.8
234,Male,31,16.2,71.9
235,Female,29,191.5,79.4
236,Female,42,181.9,75.0
237,Male,47,81.2,51.3
238,Female,24,15.8,77.9
239,Male,25,23.6,76.6
240,Male,53,138.8,52.1
241,Male,23,16.3,76.0
242,Male,22,19.3,59.9
243,Male,36,77.0,47.1
244,Female,26,101.9,22.1
245,Female,50,210.6,21.6
246,Male,36,135.1,50.1
247,Male,31,24.3,21.5
248,Female,37,22.2,22.1
249,Female,30,14.1,23.1
250,Male,50,163.6,23.5
251,Female,49,213.5,18.2
252,Female,48,73.8,17.9
253,Female,37,20.8,20.2
254,Male,29,82.2,21.4
255,Female,46,167.7,19.1
256,Female,49,96.8,47.6
257,Male,38,24.4,52.7
258,Male,30,27.3,20.3
259,Male,59,178.6,23.9
260,Female,28,86.5,82.9
261,Male,30,18.9,71.8
262,Female,20,13.8,15.5
263,Male,18,24.9,79.1
264,Female,30,20.2,53.1
265,Female,41,191.9,26.5
266,Male,34,67.7,23.0
267,Female,47,75.2,76.6
268,Male,21,16.9,20.3
269,Female,30,188.6,16.6
270,Female,29,203.4,74.7
271,Male,38,66.3,52.0
272,Female,48,206.1,26.1
273,Female,22,16.1,76.5
274,Female,46,83.9,82.3
275,Female,47,83.7,79.2
276,Male,47,79.9,50.3
277,Male,26,85.3,68.9
278,Male,33,66.7,18.1
279,Male,38,83.5,52.0
280,Male,34,189.2,26.9
281,Female,30,24.0,50.2
282,Female,35,82.6,52.5
283,Male,42,84.0,50.0
284,Male,49,81.1,13.4
285,Male,28,185.3,77.7
286,Male,32,97.6,83.3
287,Female,55,163.0,51.7
288,Female,27,84.8,74.1
289,Male,32,227.5,17.1
290,Female,44,25.3,49.3
291,Male,30,15.3,51.4
292,Female,31,20.6,78.1
293,Female,39,187.1,76.9
294,Male,31,180.6,18.5
295,Male,37,17.2,17.7
296,Male,30,208.0,25.1
297,Male,36,90.4,15.8
298,Female,46,83.3,23.2
299,Male,36,82.5,52.9
300,Female,34,8.5,20.5
301,Female,48,94.1,79.9
302,Female,53,70.2,48.9
303,Male,24,32.9,83.3
304,Male,46,166.0,51.0
305,Female,36,79.9,73.7
306,Female,29,13.6,16.6
307,Female,50,175.3,22.1
308,Male,47,70.4,24.0
309,Female,29,19.9,22.0
310,Female,30,150.8,69.1
311,Male,29,185.3,77.4
312,Female,38,25.2,16.6
313,Male,25,92.2,82.0
314,Female,40,176.3,18.3
315,Male,49,74.2,22.5
316,Female,37,81.0,17.6
317,Male,54,169.2,52.3
318,Female,52,180.2,17.5
319,Male,22,83.9,75.1
320,Male,21,17.9,21.5
321,Female,34,16.4,81.5
322,Male,22,26.5,74.7
323,Female,24,18.6,85.6
324,Female,46,61.1,20.4
325,Male,31,174.6,17.7
326,Male,42,184.3,79.6
327,Female,37,17.4,19.5
328,Male,47,75.9,24.3
329,Male,39,77.9,25.4
330,Female,27,14.7,83.1
331,Male,19,24.3,75.4
332,Male,40,27.4,49.9
333,Male,25,17.0,79.4
334,Female,42,89.0,74.3
335,Male,47,75.5,48.3
336,Female,51,184.9,44.3
337,Male,44,77.0,52.7
338,Male,54,194.8,54.5
339,Male,26,89.6,19.4
340,Male,37,74.3,23.6
341,Male,28,21.5,74.9
342,Male,37,192.5,27.4
343,Male,35,87.1,20.3
344,Female,32,20.0,75.7
345,Male,20,21.1,74.4
346,Male,47,162.5,14.2
347,Female,40,25.2,46.6
348,Female,52,172.9,23.4
349,Female,30,170.0,45.3
350,Female,23,24.9,49.6
351,Male,39,170.9,48.4
352,Female,36,187.3,20.9
353,Male,50,71.7,52.4
354,Male,52,179.0,17.6
355,Male,53,61.0,47.2
356,Male,35,57.5,68.3
357,Male,35,19.6,46.7
358,Female,50,73.8,49.8
359,Male,45,182.1,49.6
360,Male,34,98.1,53.1
361,Female,19,25.7,82.8
362,Female,46,92.0,74.9
363,Female,34,184.0,19.8
364,Male,34,10.2,51.0
365,Female,55,177.1,15.6
366,Male,30,17.3,17.7
367,Female,20,18.8,81.3
368,Female,29,20.8,12.6
369,Male,25,197.8,79.6
370,Female,32,13.0,56.8
371,Male,20,15.8,24.1
372,Female,26,16.0,77.8
373,Male,34,104.1,45.8
374,Female,49,57.9,83.4
375,Female,28,21.8,50.6
376,Female,34,187.1,76.7
377,Female,47,80.9,78.3
378,Female,39,205.6,71.0
379,Female,48,76.3,18.1
380,Female,38,14.7,19.2
381,Male,53,87.8,50.8
382,Male,26,164.6,75.8
383,Male,32,170.4,55.7
384,Male,28,81.5,52.5
385,Male,38,14.0,13.2
386,Female,23,90.0,71.8
387,Male,41,162.1,75.6
388,Male,54,159.5,49.6
389,Female,37,75.7,43.1
390,Male,32,20.3,26.8
391,Female,46,193.1,56.5
392,Male,27,75.8,74.6
393,Male,38,73.1,50.4
394,Female,51,85.9,47.3
395,Male,21,23.9,78.6
396,Male,39,82.1,81.4
397,Female,29,168.4,73.4
398,Female,41,188.9,19.2
399,Male,29,24.0,43.4
400,Female,26,183.4,82.4
401,Male,40,170.0,24.0
402,Female,38,17.9,49.9
403,Female,32,84.8,54.5
404,Male,45,83.3,77.9
405,Female,28,14.7,19.4
406,Male,31,24.4,47.6
407,Male,35,70.7,84.1
408,Female,40,24.5,44.8
409,Male,42,19.3,49.0
410,Female,35,176.6,50.8
411,Female,40,64.3,19.0
412,Female,37,68.3,52.9
413,Female,50,198.9,50.1
414,Male,45,177.1,47.8
415,Male,32,25.3,47.5
416,Male,33,71.9,18.4
417,Female,39,74.1,27.3
418,Male,25,181.9,75.4
419,Female,44,199.3,70.3
420,Male,33,106.6,45.1
421,Female,34,90.5,19.5
422,Male,39,194.8,77.3
423,Male,38,104.3,79.5
424,Female,26,27.0,86.7
425,Male,40,179.4,75.3
426,Female,50,190.0,21.4
427,Female,33,19.9,23.5
428,Female,27,29.1,22.2
429,Female,49,66.7,54.5
430,Male,46,67.5,48.0
431,Female,19,27.4,84.8
432,Female,20,31.3,19.2
433,Male,32,205.1,70.6
434,Male,33,11.5,51.1
435,Male,42,68.9,49.8
436,Female,25,81.0,54.7
437,Male,32,183.1,18.6
438,Female,29,23.3,24.1
439,Female,48,79.5,55.4
440,Female,34,21.3,48.2
441,Male,35,78.4,49.0
442,Female,27,61.2,86.0
443,Female,34,68.7,81.4
444,Female,24,23.0,81.3
445,Male,39,21.2,19.7
446,Male,34,19.2,22.1
447,Female,31,13.9,22.7
448,Female,53,178.1,21.0
449,Female,27,106.3,17.5
450,Female,28,20.4,54.0
451,Male,25,83.5,47.0
452,Male,42,185.4,47.5
453,Female,34,170.9,47.9
454,Female,41,17.6,47.8
455,Male,33,197.8,75.7
456,Female,20,17.9,15.6
457,Female,39,193.7,70.0
458,Female,45,72.0,76.0
459,Female,42,22.0,50.8
460,Female,24,21.1,52.4
461,Male,36,178.3,54.3
462,Female,25,14.0,81.7
463,Female,57,173.0,48.8
464,Male,27,212.6,80.4
465,Female,22,21.2,16.5
466,Female,42,74.7,49.3
467,Male,56,181.2,24.9
468,Male,26,79.5,76.9
469,Male,47,172.0,40.7
470,Male,25,26.4,87.8
471,Female,31,170.2,26.5
472,Female,34,188.4,87.2
473,Male,55,191.8,26.1
474,Female,39,78.1,51.0
475,Male,48,152.5,20.2
476,Female,33,147.8,85.0
477,Male,44,78.1,50.9
478,Female,29,16.7,47.2
479,Female,34,186.1,43.8
480,Male,36,196.1,70.4
481,Male,31,165.5,24.7
482,Female,45,89.2,81.4
483,Female,42,193.0,77.6
484,Male,21,17.4,84.3
485,Male,43,17.3,48.5
486,Female,37,179.7,83.7
487,Female,38,12.4,49.4
488,Female,45,69.1,18.3
489,Female,34,24.9,25.6
490,Female,36,76.4,15.6
491,Male,37,176.6,79.1
492,Female,35,68.3,24.6
493,Male,29,160.8,69.3
494,Female,27,183.4,71.1
495,Male,28,19.1,78.8
496,Male,34,80.0,17.8
497,Female,34,79.9,46.9
498,Male,48,89.2,76.3
499,Female,42,72.5,49.8
500,Male,26,74.6,53.8
501,Male,20,26.5,77.8
502,Female,31,75.1,21.0
503,Female,53,65.9,51.1
504,Male,41,187.7,78.0
505,Female,25,187.7,77.4
506,Female,32,77.0,77.3
507,Female,41,182.8,84.5
508,Female,26,211.0,71.5
509,Female,38,180.2,82.3
510,Male,48,80.4,23.5
511,Male,40,168.7,86.2
512,Female,59,179.0,52.8
513,Male,33,86.3,42.7
514,Male,30,75.8,24.1
515,Female,34,200.9,75.4
516,Male,25,27.3,70.2
517,Male,34,25.7,75.2
518,Male,31,22.7,46.9
519,Male,46,91.5,53.1
520,Male,25,72.9,24.7
521,Female,33,71.8,57.5
522,Male,30,21.7,18.3
523,Female,22,15.4,75.7
524,Male,26,87.7,45.6
525,Female,50,79.2,51.0
526,Female,35,77.8,80.1
527,Male,28,91.9,24.2
528,Female,29,15.3,19.6
529,Male,22,14.6,47.0
530,Male,24,12.6,23.6
531,Female,35,16.7,17.8
532,Male,55,189.9,24.1
533,Female,36,22.7,48.6
534,Male,47,79.8,19.1
535,Female,36,19.7,23.6
536,Male,28,19.2,19.6
537,Female,30,169.5,76.3
538,Male,27,21.6,78.2
539,Male,32,62.4,47.5
540,Female,34,26.9,53.6
541,Male,26,23.3,77.0
542,Female,54,167.2,22.5
543,Female,44,184.3,52.1
544,Female,42,200.0,17.3
545,Female,39,167.4,49.5
546,Male,31,28.3,17.2
547,Female,33,18.3,43.4
548,Male,24,18.6,51.6
549,Male,49,80.8,77.7
550,Female,37,76.2,49.0
551,Male,33,23.7,51.8
552,Female,44,81.6,24.1
553,Female,28,28.7,18.0
554,Female,33,20.3,23.1
555,Female,31,197.7,52.0
556,Female,36,68.0,19.7
557,Female,31,25.5,20.5
558,Male,21,17.7,25.2
559,Male,20,21.7,80.3
560,Male,46,238.9,53.9
561,Male,41,98.6,48.6
562,Female,37,109.9,76.5
563,Male,28,23.7,85.9
564,Male,37,23.3,18.9
565,Female,29,21.3,75.9
566,Male,56,203.7,51.6
567,Male,54,146.4,42.8
568,Male,35,14.8,50.8
569,Male,29,18.0,60.3
570,Female,29,19.2,77.5
571,Male,24,12.4,23.4
572,Male,30,84.3,71.5
573,Female,49,68.9,83.8
574,Male,21,27.4,74.1
575,Male,35,193.5,79.8
576,Male,30,20.5,16.0
577,Female,28,78.9,49.6
578,Male,38,78.2,77.5
579,Female,27,17.2,16.5
580,Female,47,68.9,54.3
581,Female,44,148.7,44.3
582,Male,53,165.8,47.3
583,Female,44,72.0,20.9
584,Female,29,16.8,51.5
585,Male,38,219.1,21.8
586,Male,31,177.2,25.2
587,Male,29,19.2,78.3
588,Female,45,95.8,17.2
589,Female,44,154.5,17.7
590,Male,22,77.0,81.2
591,Male,42,159.0,75.0
592,Male,29,174.1,84.3
593,Male,22,20.4,72.2
594,Female,38,85.8,49.3
595,Female,29,20.5,69.7
596,Female,41,166.1,26.3
597,Female,39,93.9,22.4
598,Female,52,166.4,50.3
599,Male,37,78.1,19.4
600,Female,38,180.7,18.7
601,Male,24,17.2,24.6
602,Male,34,17.9,52.0
603,Female,25,87.0,79.3
604,Male,27,188.5,80.9
605,Male,27,88.5,23.1
606,Female,20,19.4,80.0
607,Male,28,79.2,23.0
608,Female,29,13.6,77.8
609,Male,35,8.3,50.0
610,Male,46,195.2,15.8
611,Female,28,73.7,82.1
612,Female,21,19.2,20.6
613,Male,42,164.1,77.3
614,Female,18,24.7,78.1
615,Male,35,86.9,20.3
616,Female,26,68.9,51.4
617,Male,27,20.8,10.4
618,Female,38,190.7,75.4
619,Male,56,201.2,22.7
620,Male,28,188.0,76.2
621,Female,38,83.4,50.3
622,Male,42,174.1,48.5
623,Female,54,71.1,42.7
624,Male,24,16.7,75.5
625,Female,27,86.2,75.3
626,Male,42,52.3,54.9
627,Male,39,92.7,75.4
628,Female,30,23.2,44.0
629,Male,25,147.4,75.3
630,Male,30,21.7,69.7
631,Female,23,22.4,13.9
632,Male,36,173.6,48.3
633,Female,33,19.8,85.7
634,Male,29,16.3,44.4
635,Male,57,171.2,49.2
636,Male,27,24.2,78.6
637,Male,23,16.4,49.4
638,Female,28,16.5,24.6
639,Male,39,212.9,18.3
640,Female,21,18.2,78.9
641,Female,39,206.0,15.4
642,Female,28,161.1,80.4
643,Female,26,20.8,84.3
644,Female,33,87.9,79.5
645,Male,39,94.6,82.2
646,Female,28,81.5,23.0
647,Female,29,85.5,78.4
648,Male,35,165.5,27.2
649,Female,24,68.6,84.9
650,Male,27,22.6,24.5
651,Male,26,67.3,21.7
652,Male,37,186.9,17.8
653,Female,38,170.5,29.1
654,Male,28,19.0,51.0
655,Male,31,170.1,19.7
656,Male,37,166.5,79.2
657,Female,38,152.7,81.1
658,Male,27,70.0,79.6
659,Female,31,74.0,81.9
660,Female,21,20.6,79.2
661,Male,32,176.0,28.1
662,Female,42,166.7,48.9
663,Male,28,180.8,81.5
664,Male,21,22.2,19.4
665,Male,38,12.5,51.9
666,Male,22,15.2,21.2
667,Female,36,30.1,50.6
668,Female,53,161.3,20.6
669,Male,33,10.8,73.8
670,Female,52,179.3,54.5
671,Female,39,80.4,73.1
672,Female,49,92.4,73.9
673,Female,31,19.5,20.0
674,Female,45,81.7,50.8
675,Female,26,30.7,46.9
676,Female,31,16.8,82.1
677,Male,40,166.9,70.9
678,Female,55,199.3,12.9
679,Male,41,86.0,86.2
680,Female,41,91.8,20.3
681,Male,35,209.8,51.6
682,Male,45,148.7,50.3
683,Female,43,182.7,77.9
684,Male,22,17.5,52.2
685,Male,34,27.0,51.3
686,Female,57,144.4,23.2
687,Male,44,21.1,61.8
688,Female,40,28.4,42.5
689,Female,40,22.8,50.7
690,Male,40,68.7,48.5
691,Male,37,71.5,79.2
692,Male,34,19.8,70.9
693,Male,27,210.5,85.8
694,Female,55,217.5,19.9
695,Female,39,181.7,17.4
696,Female,36,72.8,23.1
697,Female,59,176.5,52.1
698,Male,38,158.8,72.9
699,Female,21,29.2,82.2
700,Female,35,187.0,50.8
701,Female,37,11.0,47.4
702,Male,36,19.6,54.1
703,Male,30,175.5,82.8
704,Male,58,173.2,25.6
705,Male,44,89.8,72.7
706,Female,52,183.8,42.3
707,Male,41,89.6,26.4
708,Male,49,83.4,25.2
709,Male,30,85.7,22.0
710,Female,54,78.6,55.1
711,Female,39,17.5,15.9
712,Female,27,21.0,76.1
713,Male,25,28.7,17.5
714,Female,26,184.7,67.9
715,Female,39,81.8,85.4
716,Male,26,188.6,78.9
717,Male,29,22.8,72.5
718,Female,39,86.8,51.9
719,Male,19,28.9,81.6
720,Male,25,188.9,74.3
721,Female,42,75.6,79.2
722,Male,54,71.1,50.8
723,Male,49,64.7,24.6
724,Male,36,72.4,16.3
725,Male,32,65.5,45.3
726,Male,42,205.7,25.8
727,Female,44,84.4,13.7
728,Female,39,83.3,20.6
729,Female,39,183.9,75.0
730,Female,26,21.1,73.6
731,Female,47,70.7,76.1
732,Female,29,22.0,18.9
733,Male,57,181.3,56.6
734,Female,33,19.8,20.6
735,Male,30,187.0,80.6
736,Male,20,15.0,79.4
737,Male,41,28.4,49.5
738,Female,32,197.0,50.9
739,Male,30,28.6,24.5
740,Female,23,13.1,16.7
741,Female,57,163.4,49.1
742,Female,44,19.2,45.4
743,Male,59,190.2,51.1
744,Female,51,176.5,46.8
745,Female,34,70.5,16.9
746,Male,37,170.7,74.0
747,Male,43,188.0,45.8
748,Male,52,184.4,51.3
749,Female,27,89.6,49.9
750,Male,32,167.6,54.5
751,Female,25,80.8,79.0
752,Male,34,70.8,50.5
753,Female,37,182.9,73.0
754,Male,26,18.5,47.1
755,Male,49,173.8,50.7
756,Female,25,176.2,83.7
757,Female,42,17.6,48.1
758,Male,32,82.1,17.4
759,Female,30,174.3,84.7
760,Female,35,175.4,46.4
761,Female,47,74.0,14.3
762,Female,35,177.4,48.7
763,Male,24,18.1,81.2
764,Female,43,178.9,82.3
765,Female,40,66.6,15.8
766,Male,32,19.9,75.6
767,Female,32,18.5,22.0
768,Male,25,27.2,19.3
769,Female,57,181.5,46.4
770,Male,31,71.9,48.1
771,Female,42,69.9,80.5
772,Female,42,20.5,42.9
773,Male,27,20.8,72.3
774,Male,32,14.7,85.6
775,Male,27,209.6,73.5
776,Male,20,13.0,17.2
777,Male,58,185.3,49.8
778,Female,36,178.7,74.4
779,Female,37,15.2,53.0
780,Male,52,169.2,54.7
781,Male,24,72.7,76.0
782,Female,25,19.4,77.6
783,Female,25,79.4,84.3
784,Female,32,24.3,77.6
785,Male,35,20.2,22.0
786,Male,22,12.1,53.2
787,Male,47,181.8,24.2
788,Female,40,204.2,14.1
789,Female,44,83.7,73.8
790,Female,25,69.7,42.4
791,Male,40,22.4,55.2
792,Male,26,87.8,22.0
793,Female,42,80.1,15.0
794,Female,47,148.0,55.0
795,Male,54,177.1,17.8
796,Female,33,19.5,51.0
797,Female,50,182.5,10.7
798,Male,26,12.9,20.0
799,Male,38,181.8,80.4
800,Male,29,88.6,80.8
801,Female,49,78.5,26.8
802,Male,44,14.8,52.5
803,Female,38,157.2,43.0
804,Male,29,89.0,56.7
805,Female,49,65.5,76.4
806,Female,52,63.0,55.2
807,Female,34,15.4,48.0
808,Male,37,162.6,81.9
809,Male,44,161.7,81.1
810,Female,39,92.7,25.7
811,Male,54,192.3,21.7
812,Male,24,83.3,82.2
813,Male,44,175.7,48.3
814,Male,34,19.6,52.8
815,Female,34,86.2,17.3
816,Female,37,182.4,19.2
817,Male,35,15.7,16.4
818,Male,49,182.7,15.7
819,Male,43,149.9,75.7
820,Female,41,171.0,78.6
821,Male,37,166.7,50.4
822,Male,33,20.0,51.2
823,Male,41,172.7,82.3
824,Male,41,63.8,23.7
825,Male,35,202.8,56.1
826,Female,41,179.4,83.3
827,Female,43,21.0,48.5
828,Female,54,184.8,22.7
829,Female,51,157.2,13.8
830,Male,26,84.6,84.3
831,Female,25,21.5,17.5
832,Male,33,162.8,80.7
833,Male,29,188.3,76.7
834,Female,26,192.2,78.2
835,Female,37,16.5,18.5
836,Male,43,63.3,15.2
837,Male,58,192.1,18.9
838,Male,34,22.7,15.1
839,Female,30,53.6,79.0
840,Female,31,76.9,73.4
841,Male,32,191.2,50.6
842,Male,32,74.4,72.1
843,Male,42,171.5,48.5
844,Female,35,202.5,78.8
845,Male,30,22.7,54.3
846,Female,24,25.1,19.3
847,Male,48,71.0,79.0
848,Female,38,64.1,74.5
849,Male,38,63.7,20.9
850,Male,45,181.4,52.7
851,Female,30,198.6,72.6
852,Male,27,25.1,50.7
853,Male,32,26.2,82.2
854,Female,48,100.6,77.6
855,Female,43,78.0,77.6
856,Female,24,24.2,80.5
857,Male,25,15.1,42.0
858,Male,44,94.0,78.6
859,Female,48,67.5,78.3
860,Female,31,27.3,13.1
861,Male,51,172.1,42.6
862,Male,32,85.5,26.8
863,Male,36,73.5,50.0
864,Female,50,170.0,19.4
865,Female,42,73.6,72.9
866,Male,27,22.1,20.0
867,Female,45,102.1,54.4
868,Male,31,87.4,13.8
869,Male,30,24.0,76.3
870,Female,32,22.4,45.1
871,Male,34,172.4,70.8
872,Male,50,186.9,57.1
873,Male,29,15.8,50.4
874,Female,28,17.7,48.8
875,Female,27,14.2,18.8
876,Male,33,75.2,17.6
877,Female,27,27.4,54.0
878,Male,53,172.3,50.4
879,Female,43,161.4,89.7
880,Male,47,74.5,18.9
881,Male,49,75.9,78.9
882,Female,32,18.3,52.5
883,Female,51,172.5,21.8
884,Male,29,19.9,46.4
885,Female,37,21.1,19.9
886,Male,38,191.4,46.3
887,Male,22,24.2,48.5
888,Female,48,195.6,19.3
889,Male,35,169.0,21.8
890,Female,38,78.0,23.6
891,Male,25,19.6,50.8
892,Male,43,21.4,52.1
893,Female,39,182.2,18.7
894,Female,20,17.3,28.7
895,Male,36,25.6,17.1
896,Male,42,171.3,87.4
897,Female,42,198.1,45.2
898,Female,27,73.9,80.2
899,Female,33,10.9,14.9
900,Male,40,182.0,19.9
901,Female,54,88.3,47.2
902,Male,29,29.2,39.0
903,Male,52,184.1,50.5
904,Female,32,67.6,15.9
905,Male,50,167.2,22.1
906,Male,46,74.3,51.1
907,Female,42,21.7,54.7
908,Male,56,191.7,56.4
909,Female,43,91.0,78.6
910,Female,38,19.4,53.6
911,Female,52,182.9,50.7
912,Female,43,83.5,56.8
913,Male,38,20.1,46.5
914,Female,32,74.0,54.6
915,Male,33,64.2,17.6
916,Male,18,26.8,78.4
917,Female,43,183.3,17.0
918,Male,22,29.0,53.0
919,Male,42,174.2,54.1
920,Female,42,180.8,88.5
921,Male,36,76.5,53.7
922,Male,25,20.6,81.1
923,Female,51,76.3,52.0
924,Female,25,168.4,77.0
925,Male,24,25.6,52.7
926,Female,37,191.3,48.5
927,Female,41,186.9,52.3
928,Female,40,172.0,51.0
929,Female,49,71.8,56.6
930,Female,45,85.8,13.5
931,Male,25,77.7,80.2
932,Male,32,23.2,81.3
933,Male,49,70.8,41.6
934,Female,51,194.8,20.9
935,Male,41,74.4,14.0
936,Female,31,70.8,82.0
937,Male,27,87.0,44.3
938,Male,34,26.3,55.1
939,Male,28,18.8,19.9
940,Female,23,80.9,76.2
941,Female,48,69.0,52.2
942,Male,25,86.1,71.4
943,Female,48,191.5,45.2
944,Female,25,198.6,82.0
945,Male,37,21.1,20.0
946,Female,43,84.1,20.3
947,Male,29,72.9,72.4
948,Male,39,20.1,18.9
949,Female,32,82.3,11.0
950,Male,57,187.3,54.8
951,Female,43,187.2,78.2
952,Male,24,27.3,81.5
953,Male,46,79.9,21.7
954,Male,27,25.5,49.9
955,Male,45,169.0,51.7
956,Female,34,78.0,80.0
957,Female,36,21.4,52.3
958,Male,30,88.4,21.8
959,Male,36,82.1,45.5
960,Male,49,77.6,24.3
961,Male,35,171.4,54.6
962,Male,38,18.8,49.3
963,Female,18,13.8,69.7
964,Female,46,64.6,17.4
965,Female,46,61.6,15.5
966,Female,29,80.9,54.7
967,Male,33,15.8,20.1
968,Female,45,96.3,51.2
969,Male,29,25.1,70.4
970,Male,32,17.8,88.0
971,Female,22,75.1,78.0
972,Male,25,71.3,20.1
973,Male,32,69.8,20.7
974,Male,32,179.9,70.7
975,Female,30,180.7,72.2
976,Male,24,18.5,76.0
977,Female,37,187.6,47.8
978,Male,25,171.6,78.5
979,Male,50,94.6,50.2
980,Male,33,86.3,19.8
981,Male,30,25.4,20.7
982,Female,59,173.4,21.3
983,Female,31,21.7,17.7
984,Female,38,16.7,50.0
985,Female,39,22.0,29.3
986,Male,37,90.2,53.9
987,Female,43,81.3,44.6
988,Male,32,189.2,78.6
989,Male,32,25.7,68.8
990,Female,25,24.6,26.4
991,Male,27,21.9,51.5
992,Male,40,153.5,79.9
993,Female,45,198.3,49.3
994,Male,32,81.9,52.9
995,Male,45,72.7,19.7
996,Male,57,206.2,56.8
997,Female,18,27.2,84.3
998,Female,39,94.1,25.2
999,Male,18,18.7,78.5
1000,Male,39,180.4,74.1
1001,Male,21,16.7,75.6
1002,Male,46,91.7,47.6
1003,Male,24,19.0,18.8
1004,Female,41,196.0,75.6
1005,Female,40,88.3,23.5
1006,Female,35,177.0,71.6
1007,Male,36,75.4,84.2
1008,Female,31,85.9,22.9
1009,Male,33,23.7,71.7
1010,Female,46,90.2,79.9
1011,Female,55,183.4,23.2
1012,Male,27,80.5,11.3
1013,Male,38,23.0,46.7
1014,Female,37,86.4,19.1
1015,Female,30,170.0,18.2
1016,Male,40,23.0,51.9
1017,Male,40,191.0,18.8
1018,Male,41,77.4,16.0
1019,Female,20,19.6,22.2
1020,Male,24,28.5,10.3
1021,Female,50,160.9,17.9
1022,Female,28,45.3,22.0
1023,Male,24,85.6,79.7
1024,Male,51,185.1,24.2
1025,Male,54,185.7,48.2
1026,Female,31,186.8,65.3
1027,Female,29,204.0,90.5
1028,Male,34,86.2,22.2
1029,Male,24,27.4,23.7
1030,Female,33,11.9,54.0
1031,Female,39,95.7,53.7
1032,Male,41,207.7,51.7
1033,Female,36,199.4,49.2
1034,Female,36,206.7,70.8
1035,Female,29,22.2,83.5
1036,Male,30,69.2,16.2
1037,Female,41,91.2,46.3
1038,Female,42,170.9,50.5
1039,Male,20,16.9,83.9
1040,Female,47,86.5,70.8
1041,Female,29,77.0,48.1
1042,Male,31,84.7,20.7
1043,Male,40,171.1,19.4
1044,Female,19,22.3,81.8
1045,Female,44,189.0,24.8
1046,Male,38,28.4,48.3
1047,Female,34,23.3,21.9
1048,Female,41,174.6,85.0
1049,Female,37,84.8,78.8
1050,Female,32,16.0,77.3
1051,Female,33,22.0,47.1
1052,Female,49,84.2,17.5
1053,Male,39,71.6,49.7
1054,Female,54,155.5,52.6
1055,Male,28,23.3,52.4
1056,Female,46,87.0,72.5
1057,Female,33,175.7,81.7
1058,Male,53,198.4,59.0
1059,Male,29,31.4,46.3
1060,Male,33,89.5,53.9
1061,Female,25,26.6,25.5
1062,Female,40,84.2,75.9
1063,Female,49,83.7,16.4
1064,Male,35,175.8,18.7
1065,Male,32,27.4,75.2
1066,Female,25,28.5,20.7
1067,Female,31,148.8,23.1
1068,Female,31,71.4,76.2
1069,Male,36,32.4,15.0
1070,Male,28,99.8,23.5
1071,Female,46,180.5,27.4
1072,Male,45,95.6,18.0
1073,Female,36,166.4,80.6
1074,Male,40,67.4,73.6
1075,Male,22,25.2,75.5
1076,Male,46,146.3,22.4
1077,Female,32,20.8,19.9
1078,Female,39,172.8,74.5
1079,Female,48,155.4,45.5
1080,Female,45,84.7,73.5
